Module_code,Module_name,Module_term
1,Kathe,Bowness
2,Chrisse,Simonazzi
3,Dacy,Ondrus
4,Valerie,Eilles
5,Harald,Sate
6,Cheryl,Clixby
7,Reinwald$#%,Trevett
8,Merla,
9,Aubert,Abbis
10,Briano,Verrall
11,Gris,Safell
12,Fulvia,Smead
13,Bess,Freddi
14,Cosetta,Gellately
15,Damien,Nerney
16,Doug,Rickhuss
17,Inger,Ginman
18,Tawnya,Mitford
19,Parker,Grahl
20,Otis,Keneford
21,Nannie,Warner
22,Gianna,Litherland
23,Timi,McPhelimy
24,Kaitlyn,Antcliffe
25,Ancell,Orred
26,Ralina,McCann
27,Rutter,Perfitt
28,Bettina,Tolefree
29,Dreddy,Bisseker
30,Erin,Adamolli
31,Peyton,Swett
32,Shaylynn,Colvie
33,Hale,Lohden
34,Lorain,Habershon
35,Shaine,Rittmeier
36,Webster,Kuschek
37,Mora,Crabb
38,Carl,Strongitharm
39,Melissa,Yves
40,Elden,Shenton
41,Nollie,Trewartha
42,Barnabas,Guiu
43,Fred,Fidgin
44,Celestyn,Wetherburn
45,Fidelio,Emsley
46,Stella,Bacher
47,Eleanora,Lagen
48,Kristo,Claffey
49,Eugenius,Kain
50,Wheeler,Ackwood
51,Thadeus,Kuhwald
52,Ellis,Finch
53,Ellswerth,Dod
54,Milka,Heberden
55,Modestine,Semered
56,Engracia,Monday
57,Sonni,Boundley
58,Dominik,Gawthrop
59,Forest,Biaggetti
60,Cecil,Ellens
61,Christiano,Siviter
62,Eli,Sehorsch
63,Nikaniki,Tureville
64,Lenna,Kos
65,Whitaker,Ciraldo
66,Gloriana,Beville
67,Chicky,Cockayne
68,Waldemar,Drexel
69,Bev,O'Dunneen
70,Alfredo,Greguoli
71,Mona,Coppen
72,Tabbie,O'Hearn
73,Gena,Scollard
74,Michell,Frarey
75,Shellysheldon,Marrill
76,Kiley,Slowley
77,Corine,Mathe
78,Jere,Weymouth
79,Codie,Buttrey
80,Perla,Rizzello
81,Stephie,Grishmanov
82,Babs,Fisbburne
83,Caryn,Stavers
84,Arlina,Sibbit
85,Nonna,Athowe
86,Madonna,Slegg
87,Lucine,Moultrie
88,Berkeley,Drejer
89,Jannel,Bobasch
90,Tuck,Maccari
91,Sarge,Blodgett
92,Mannie,Stubbings
93,Bil,Paffett
94,Koenraad,Howerd
95,Fayette,Hanscom
96,Cinderella,Crafts
97,Odelle,Newstead
98,Randee,Callaby
99,Penrod,Hanson
100,Jorry,Simnor
101,Nolly,Melendez
102,Cordey,Estoile
103,Arabela,Bushnell
104,Hughie,Burchatt
105,Harlin,Lipman
106,Hill,Blomefield
107,Vassily,Harbage
108,Collete,Sakins
109,Beulah,Espino
110,Jacquetta,Pecey
111,Iain,Chadburn
112,Rheba,Tyne
113,Samuele,Escot
114,Janel,Barefoot
115,Tierney,McNaughton
116,Aryn,D'Aeth
117,Averell,Lyons
118,Lynn,McLese
119,Ardine,McGlue
120,Allie,Otterwell
121,Rafaelia,Noods
122,Estrella,Sentinella
123,Maitilde,Ling
124,Iain,Mertsching
125,Hayes,Garralts
126,Jacky,Rampling
127,Valery,Torbeck
128,Celina,Peskett
129,Hayes,Rottcher
130,Lydia,Burgane
131,Cleon,Trulock
132,Loria,Birkmyr
133,Hervey,Garnsworth
134,Lilli,Vasilchikov
135,Ferrell,Cluelow
136,Ahmad,Aitken
137,Hillier,Baulch
138,Cornelia,Lorentz
139,Rolando,Andrioletti
140,Starlin,Espinola
141,Robbi,Skittrall
142,Thom,Sharvill
143,Phedra,Lieb
144,Laurette,Tomkowicz
145,Berton,Outlaw
146,Elwood,Caddies
147,Sibylla,Feedome
148,Emlynne,Capehorn
149,Alano,Spelsbury
150,Marya,Spackman
151,Ianthe,Gilardone
152,Dolly,Cheetam
153,Donn,Grenshields
154,Hewett,Godard
155,Diarmid,Boner
156,Ellyn,D'Onisi
157,Malena,Blaymires
158,Giacomo,Pardy
159,Ivie,Spragge
160,Ario,MacKaile
161,Yorgos,Dracksford
162,Derril,Bront
163,Gill,Sewter
164,Kyle,Daintry
165,Emmalynne,Serman
166,Lebbie,Barmby
167,Yard,Hartup
168,Devondra,McKissack
169,Ashlen,Alleyne
170,Martelle,Hambright
171,Gerri,Ganing
172,Jeri,Cadell
173,Windham,Pinfold
174,Silvie,Gantzer
175,Korney,Oddboy
176,Loreen,Le Sarr
177,Valry,De Marchi
178,Winthrop,Cockarill
179,Denys,Sprules
180,Mina,Kings
181,Colleen,Guerin
182,Cornela,Readhead
183,Chelsae,Thrift
184,Thorn,Yvon
185,Eddy,Iacavone
186,Estele,McKitterick
187,Rhea,Ginglell
188,Ramonda,Veness
189,Rhona,Kytley
190,Sophi,Goundry
191,Jarrad,Ricardo
192,Erminia,Lancett
193,Glen,Shitliffe
194,Norah,Liddel
195,Viole,Croke
196,Sheree,Macartney
197,Henriette,Frushard
198,Magnum,Tineman
199,Shayne,Hamilton
200,Marie,Bruntjen
201,Hermina,Chappelow
202,Granthem,Dowker
203,Inga,Elgy
204,Bobine,Armer
205,Fransisco,Yitzowitz
206,Phaedra,Canlin
207,Romeo,Keerl
208,Anallise,Levis
209,Base,Filippello
210,Findlay,Hurlston
211,Duane,Littleton
212,Sherill,Sibbson
213,Ninetta,Stanway
214,Cacilia,Brownsword
215,Rollie,Delamar
216,Morse,Hammerton
217,Tori,Pennock
218,Joline,Dring
219,Paul,Allchin
220,Lorne,Dilliway
221,Giacobo,Sommer
222,Skye,Kumaar
223,Aridatha,Leishman
224,Anya,Lishman
225,Allyn,Yapp
226,Lucy,Oleszcuk
227,Martguerita,Limb
228,Lamond,Stapele
229,Mae,Kalaher
230,Beniamino,Poundsford
231,Ellynn,Jefferies
232,Lorain,Lailey
233,Erl,McWilliam
234,Hart,Kirrens
235,Laina,Slaymaker
236,Gene,Hartington
237,Briano,Wiseman
238,Shalom,Knowlys
239,Amos,Daltry
240,Mill,Chiene
241,Constantine,Berre
242,Philip,Yakovl
243,Cally,Goathrop
244,Tawsha,Greve
245,Kingsly,Wennam
246,Joey,Issacoff
247,Shaughn,Tillman
248,Che,Gadie
249,Chancey,Peete
250,Haily,Borgnol
251,Vidovic,Giannoni
252,Thacher,Dulinty
253,Vidovic,McLay
254,Phyllida,Giraudot
255,Des,Dunlap
256,Jonathan,Tranckle
257,Kitti,Hefferon
258,Deonne,Pellatt
259,Chantal,Sparhawk
260,Alvie,Sidney
261,Kenn,Peverell
262,Boothe,Elkin
263,Rolfe,Cann
264,Berry,Brislawn
265,Adams,Bertomeu
266,Filberto,Kermon
267,Daveen,Lowell
268,Leena,Rosson
269,Ilyssa,Kuzma
270,Hillary,Wrassell
271,Collette,Umpleby
272,Gaylene,Hearley
273,Andrea,Galway
274,Feodora,Megainey
275,Shawn,Hallgalley
276,Odell,Corsar
277,Blake,Parades
278,Lindie,Brodley
279,Patrizia,Sazio
280,Darcey,Hagan
281,Valeria,Brun
282,Kort,Paskell
283,Allistir,Gouinlock
284,Ethelind,Bartlomiejczyk
285,Erek,Secker
286,Letizia,Dellenbroker
287,Shellie,Dyzart
288,Natal,Liddiatt
289,Delcine,Stubbington
290,Reuben,Lochran
291,Mead,Atley
292,Sabrina,Reavey
293,Alta,Grant
294,Stewart,Magnar
295,Janelle,Botha
296,Maryrose,Balmforth
297,Bette,Ghiotto
298,Bobina,Brecher
299,Had,Valentinetti
300,Jillian,Zeal
301,Marcellina,Pember
302,Jennilee,Selley
303,Nikkie,Ludgate
304,Bartholomeus,Noel
305,Sybille,Cunde
306,Vicki,Gradon
307,Ema,Yaknov
308,Michail,Casson
309,Levey,Combe
310,Henrie,O'Shiels
311,Armin,Edess
312,Shari,Dee
313,Orrin,Ragge
314,Galina,Dunford
315,Pam,Ganiford
316,Celle,Steiner
317,Ralph,Balogun
318,Ralina,Blabber
319,Siana,Grey
320,Francis,Plomer
321,Ellene,Guillem
322,Langsdon,De Cleyne
323,Errick,Cooling
324,Corbett,Southcombe
325,Whitaker,Verlander
326,Udell,Murricanes
327,Verna,Laffoley-Lane
328,Pet,Dallimare
329,Augy,Mettetal
330,Kacy,Eye
331,Rocky,Fouldes
332,Dorothea,Berthon
333,Pavia,Debrick
334,Carmita,Arend
335,Sophia,Cawthra
336,Zelda,Frodsam
337,Sarina,Shevell
338,Cosette,Gehrtz
339,Ainslie,Tew
340,Mandel,Ivankin
341,Talbot,Lago
342,Haven,Evreux
343,Philip,Bream
344,Kristin,Fendt
345,Dell,Scamaden
346,Hugues,Rzehor
347,Hale,Jost
348,Emmit,Tradewell
349,Tersina,Thewlis
350,Alister,Wasmuth
351,Odessa,Gillooly
352,Dareen,Keir
353,Matias,Beamand
354,Cullan,Feldmesser
355,York,Prescot
356,Amie,Briereton
357,Siouxie,Whitfeld
358,Marshall,Varren
359,Angelo,Godmer
360,Britte,Lyste
361,Lindon,Forrestill
362,Devi,McCosker
363,Charlena,Bangle
364,Garrik,Ambrosoli
365,Jacques,Brian
366,Pernell,Jeffs
367,Alyce,Whate
368,Josias,Dunleavy
369,Colver,Hursey
370,Silvia,Barhem
371,Hersch,Kimmerling
372,Florie,Poll
373,Bobine,Denis
374,Gloria,Girard
375,Sigismondo,Aves
376,Pollyanna,Mounter
377,Batsheva,Chasteney
378,Tabina,Macknish
379,Ardisj,Rosenberger
380,Janaya,Pifford
381,Bird,Boreland
382,Wilhelmina,Shropshire
383,Barby,Zuan
384,Alexander,Prue
385,Paloma,Kryzhov
386,Kalli,Urrey
387,Willabella,Cudde
388,Ailyn,Danielski
389,Gloriane,Wile
390,Bettye,Windibank
391,Wilie,Fraschetti
392,Mickie,Pascow
393,Daisey,Pearne
394,Ebenezer,Paroni
395,Myrna,Cromer
396,Lazare,Carslaw
397,Marylou,Foxall
398,Casey,Mohring
399,Francesco,Tarpey
400,Doy,Whitby
401,Ulberto,Cheevers
402,Caren,Bambrugh
403,Goober,Orans
404,Frants,Twiddell
405,Caron,Cowton
406,Renell,Cagan
407,Joellen,O'Farrell
408,Ramona,Cassius
409,Ianthe,Aurelius
410,Karlotta,Inglis
411,Winifred,Henryson
412,Bard,Arp
413,Moishe,Argont
414,Henrie,Bridie
415,Scot,Gerasch
416,Elie,Stegel
417,Carter,Benedikt
418,Faythe,Gynni
419,Sherry,LeEstut
420,Tessy,McCready
421,Arnoldo,Eddies
422,Prescott,McIllrick
423,Basilius,Grunson
424,Wilbur,Strowther
425,Ricky,Kidsley
426,Abeu,Plumbe
427,Julianna,Jeratt
428,Orazio,Wennington
429,Dawn,Hartell
430,Sileas,MacKeig
431,Pauly,O'Hingerty
432,Eleanora,Ebhardt
433,Leonelle,Cotty
434,Cody,Dittson
435,Demetria,Scrivner
436,Curran,Kincey
437,Mufi,Vasler
438,Stormi,Daniaud
439,Thea,Cuming
440,Deena,Hatrey
441,Cullin,Askem
442,Ignacius,Beniesh
443,Aleksandr,Brasener
444,Natty,Kirgan
445,Arleta,Dmisek
446,Dorry,Gascoyen
447,Germain,Heak
448,Case,Houldcroft
449,Darlene,Westnage
450,Kelby,Dumphries
451,Gardy,Sherrock
452,Adham,Manz
453,Desi,Ickeringill
454,Eldon,Soutter
455,Kassandra,Jacson
456,Brett,Cheesley
457,Garv,Legrand
458,Harold,Amthor
459,Kim,Heys
460,Bebe,Perche
461,Millard,Crosetto
462,Clare,Halbeard
463,Obediah,McFfaden
464,Belinda,Eloi
465,Veronike,Whates
466,Adelice,Skeete
467,Eldin,Cussen
468,Ardelis,Gilfether
469,Ferdinand,De Carolis
470,Brook,Kivelhan
471,Aurea,Lighterness
472,Verena,Station
473,Maurizio,Magog
474,Ellen,Aspel
475,Lenka,Macias
476,Haydon,Werndly
477,Ashlie,Ollerton
478,Berkeley,Ghidoni
479,Amil,Westhead
480,Lorette,Bortolazzi
481,Pierrette,Ebi
482,Jemmie,Dunmore
483,Moreen,Bakey
484,Gale,Guterson
485,Mirabella,McGonnell
486,Udell,Napolione
487,Annice,Lotwich
488,Mollee,Tubridy
489,Angie,Charnock
490,Joane,Saltern
491,Bernard,Painter
492,Wilhelm,Armstrong
493,Hillary,Payfoot
494,Veronica,Penhalewick
495,Charmine,Dansey
496,Shani,Volet
497,Danyette,Pedler
498,Ingemar,Gorriessen
499,Quintus,Reyson
500,Franni,McMenamie
501,Titos,Jezard
502,Juditha,Soall
503,Fay,Leupold
504,Teriann,Sedger
505,Aubrie,Ballantine
506,Clyde,Cane
507,Gray,Solan
508,Husain,Truswell
509,Dexter,Saltman
510,Robena,Sebright
511,Grayce,McCumesky
512,Fergus,Sams
513,Granville,Aberdeen
514,Kimberlyn,Kernan
515,Alejoa,Greenrde
516,Isak,Cullinan
517,Jenna,Shewery
518,Drusie,Kitley
519,Leila,Bellow
520,Georgeta,O Mullen
521,Hiram,Annon
522,Ashla,Couttes
523,Parnell,Lamplugh
524,Davine,Dreher
525,Marlow,Monnery
526,Crissie,Neem
527,Lorrayne,Beamson
528,Park,Heeks
529,Clarice,Fyndon
530,Shaine,Godber
531,Thurstan,Maddocks
532,Aron,Tichelaar
533,Ward,Hoult
534,Leese,Instock
535,Hayyim,Miner
536,Lacey,Edmonson
537,Ebenezer,McCarl
538,May,Bonavia
539,Timmi,Drowsfield
540,Rickie,Cracknell
541,Joete,Froment
542,Beverlie,Malsher
543,Sabrina,Rehor
544,Dalia,Eblein
545,Burnard,De Bruyn
546,Klara,Oleszczak
547,Werner,Goley
548,Tildy,Yakunchikov
549,Towny,Pimblotte
550,Susanetta,Semple
551,Gwenette,Bunford
552,Caterina,Stainland
553,Josee,Marrow
554,Garrot,Frankel
555,Catharine,Peete
556,Boothe,Glazer
557,Aura,de Banke
558,Mikey,Senescall
559,Babs,Bermingham
560,Hans,Woonton
561,Kennie,Hellwing
562,Honoria,Ellerington
563,Jaquith,Bloan
564,Adda,Roderigo
565,Kacey,Jordison
566,Ketti,Lusher
567,Foster,Gladbeck
568,Abagael,McGeachey
569,Robers,Poxton
570,Kinna,Farrand
571,Drake,Birkbeck
572,Hilda,Vairow
573,Carita,Bullan
574,Lothario,Grenkov
575,Kalle,Gather
576,Malachi,Llewellin
577,Clary,Sunners
578,Cathe,Diwell
579,Caroljean,Adnet
580,Marybeth,McLenahan
581,Giuseppe,Rougier
582,Earlie,Tobias
583,Eleonora,Paunton
584,Horatio,Sinkins
585,Sashenka,Checci
586,Ellen,McDowell
587,Davon,Bester
588,Tommie,Deniske
589,Berte,De Coursey
590,Ikey,Pealing
591,Andrea,MacRury
592,Natasha,Houlridge
593,Carolyne,Yglesia
594,Dicky,Madrell
595,Meridith,Fyfield
596,Pandora,Witchard
597,Ram,Pattini
598,Adelina,Cockitt
599,Vergil,McGinley
600,Rurik,Halbord
601,Colin,Rice
602,Hashim,Madge
603,Brynn,Dray
604,Thayne,Skene
605,Rafael,Tucknutt
606,Rey,Farnaby
607,Letitia,Flahy
608,Elvera,Winsiowiecki
609,Viva,Cromblehome
610,Yetta,Alphonso
611,Jimmy,Santon
612,Olivette,Conklin
613,Rosaline,Eseler
614,Margarethe,Trevains
615,Mirabel,Cleugh
616,Corry,O'Fearguise
617,Cam,Count
618,Vernor,Pruckner
619,Rowney,Rhead
620,Layney,Yaakov
621,Tilda,McCheyne
622,Eleen,Snoddy
623,Moyna,O'Conor
624,Lonnie,Harmon
625,Heath,Copeland
626,Jonas,Fowlston
627,Philippe,Esseby
628,Lotti,Drayn
629,Randee,Jacobowits
630,Lynna,Woolham
631,Vinson,Ferrieres
632,Ruggiero,Bullocke
633,Fleur,Hebburn
634,Will,Amaya
635,Jason,Rowson
636,Kristian,Brabbins
637,Brinn,Loyd
638,Si,McTeer
639,Clemence,Brisley
640,Locke,Gillard
641,Albrecht,Ziem
642,Brittney,Carty
643,Andee,Hotson
644,Lilian,Easum
645,Beltran,Teale
646,Rubetta,McGinn
647,Eryn,Lapenna
648,Corinna,Varden
649,Salvatore,Victoria
650,Linea,Kobierzycki
651,Veronique,Whitby
652,Stephana,Simcock
653,Tera,Haulkham
654,Joya,Pagett
655,Rudd,Nutbeam
656,Angel,Waistell
657,Bethena,Woodard
658,Dino,Gagg
659,Amelina,Giorgini
660,Kasper,Anyon
661,Gannie,Halburton
662,Carlee,Schurcke
663,Felicio,Murton
664,Farrel,Tuckey
665,Maxie,Livingston
666,Dorisa,Khadir
667,Andy,Vigers
668,Doris,Dun
669,Vilma,Pursglove
670,Roland,Yven
671,Annette,Lasseter
672,Jaime,Piatek
673,Joy,Reinbech
674,Kissie,Burgyn
675,Ramona,Scoffins
676,Conrad,Brydell
677,Cherye,Hyatt
678,Curtice,Volks
679,Hannie,Rishworth
680,Farleigh,Jenner
681,Chaddy,Lemme
682,Dianemarie,McGarrie
683,Dela,Leyes
684,Calypso,Grouse
685,Phillie,Comelli
686,Esme,Blind
687,Zonda,Anderson
688,Conny,Kippie
689,Lemmie,Oxterby
690,Orsola,Kenningley
691,Tildy,Palleske
692,Jacintha,Crecy
693,Dorise,Reinhardt
694,Noby,Angelini
695,Bondy,Hellicar
696,Patric,Labet
697,Constance,Kynston
698,Brice,Rieme
699,Patric,Neilly
700,Law,Ballister
701,Barty,Blouet
702,Sybil,Vanezis
703,Lincoln,Sangwine
704,Lorne,Garnam
705,Everard,Dearsley
706,Laurence,Rigby
707,Stacia,Cusworth
708,Helenelizabeth,O'Lochan
709,Kennett,Szwandt
710,Eba,Harman
711,Jacinta,MacCaughey
712,Harp,Costard
713,Dalenna,Galliford
714,Kaylil,Bullan
715,Tessi,Shyre
716,Cindi,Postles
717,Addie,Raitt
718,Angela,Drissell
719,Helli,Vasyagin
720,Alina,Marriott
721,Kerwinn,Raddan
722,Kynthia,Manion
723,Thaddeus,Hamblin
724,Fonzie,Hammonds
725,Clea,Cantero
726,Alisa,Guiness
727,Jeannette,Diggell
728,Abbie,Pryce
729,Anne-corinne,Stapford
730,Lyndsay,Louisot
731,Letizia,Marion
732,Georgianna,Sich
733,Giffie,Sommerlie
734,Tess,Toye
735,Dev,Breissan
736,Wendall,Caulcutt
737,Rudie,MacNeely
738,Jermaine,Brisker
739,Samantha,Oxenbury
740,Theodoric,Alexandersson
741,Lindy,Foyle
742,Stafani,Martyn
743,Theressa,O'Docherty
744,Judi,Nottingam
745,Alejoa,Daleman
746,Dredi,Heugh
747,Tomasina,Hise
748,Darrel,Tidswell
749,Alane,Quye
750,Thibaud,Dannatt
751,Arielle,Melbury
752,Walliw,Ostler
753,Findlay,Luca
754,Jerry,Crackel
755,Miranda,Searles
756,Casie,Wildash
757,Kirsteni,Bowater
758,Mattie,Gert
759,Codie,Romke
760,Ax,Milne
761,Clifford,Lawless
762,Marlon,Jouhan
763,Malena,Sibray
764,Ursala,Domico
765,Emmett,Caines
766,Faye,Cadman
767,Bud,McGrowther
768,Ermentrude,MacNeice
769,Verena,Rummer
770,Murial,Bril
771,Stephana,Joyes
772,Perice,Ianni
773,Pattie,Smiley
774,Valeda,Sturr
775,Gannon,Arghent
776,Tadeas,Nickels
777,Mia,Dobbing
778,Luciana,Penticost
779,Meir,Swindell
780,Star,Skace
781,Cyndi,Blemings
782,Iago,Groocock
783,Chucho,Inman
784,Karie,Cocksedge
785,Tammy,Harvie
786,Pauli,Huyton
787,Mignon,Streader
788,Elijah,Radwell
789,Dermot,Pedwell
790,Keslie,Burkitt
791,Care,Putten
792,Osborne,Cowsby
793,Elvis,Santoro
794,Alfie,Lutwidge
795,Ulrick,Cheng
796,Layton,Banes
797,Dre,Delaprelle
798,Jodi,Matthis
799,Myca,Phelip
800,Dougy,Dell Casa
801,Von,Davidsohn
802,Larine,Kiebes
803,Arleyne,Starrs
804,Abbe,Salzburger
805,Heindrick,Yepiskov
806,Giavani,Goodwyn
807,Marysa,Sannes
808,Kathi,Kencott
809,Dahlia,Ledram
810,Hughie,Enrich
811,Carleen,Dillistone
812,Sarette,Tubbs
813,Bennie,Izacenko
814,Viviene,Tieman
815,Kathrine,Zeale
816,Sholom,Lilleyman
817,Ervin,O'Ruane
818,Robers,Shutte
819,Tara,Myford
820,Lars,Bolin
821,Tades,Reven
822,Jarret,Dobrovolski
823,Franny,Brickdale
824,Jacquelin,Tapp
825,Jordain,Baccup
826,Clerkclaude,Kindred
827,Noelle,Cornbill
828,Felecia,Goudie
829,Essa,Hecks
830,Ernesta,Conaghan
831,Rochester,Handslip
832,Terrence,Checcuzzi
833,Wayne,Jeacocke
834,Towny,Sowden
835,Morlee,Kingcott
836,Jaine,Weber
837,Inna,Cheston
838,Binnie,Capron
839,Alaster,Batting
840,Andrea,Pennetta
841,Norman,Hyde-Chambers
842,Vernice,Manuel
843,Gaylor,Vice
844,Nixie,Andrey
845,Tuesday,Rigmond
846,Kelcie,Haylett
847,Zelma,Sakins
848,Winona,Tomaello
849,Claribel,Vasic
850,Clemmie,Joule
851,Kirby,Grigoli
852,Jemimah,Campana
853,Etan,Spray
854,Elsinore,Loughney
855,Magnum,Howroyd
856,Gun,Marthen
857,Shayna,Lush
858,Nickolas,Tyce
859,Desmund,Lankford
860,Tracee,Treher
861,Norean,Cowle
862,Sophi,Bestman
863,Erin,Beauchop
864,Denice,Brownsey
865,Sheffie,Duinkerk
866,Nona,Murrthum
867,Henderson,Yendle
868,Oates,Stollberger
869,Moishe,Kmiec
870,Heda,Apedaile
871,Hermione,Hacard
872,Mason,Godrich
873,Leonelle,Dohmer
874,Sayres,Trowl
875,Olive,Renals
876,Easter,Ricketts
877,Merridie,Strewthers
878,Nestor,Doherty
879,Libbi,Dowrey
880,Skylar,Gimeno
881,Giavani,Hearsum
882,Mariya,Landes
883,Ermanno,Cutchee
884,Kit,Eaden
885,Gnni,Naulty
886,Alexia,Brinicombe
887,Caresse,Aitcheson
888,Harley,Atcherley
889,Aguistin,Glasser
890,Reidar,Jery
891,Lilas,Pask
892,Joshua,Coulsen
893,Hewet,Dennington
894,Aeriel,Yurenin
895,Nanon,Bernli
896,Dyanne,Thomke
897,Gavra,Lakin
898,Madalena,Addy
899,Aleece,Beche
900,Giselbert,Braz
901,Karola,Folca
902,Cate,Craister
903,Ferdinand,Blaby
904,Byran,Habbema
905,Tamas,Mertin
906,Alwyn,Titterington
907,Nicolis,Kilfeather
908,Yetty,Cleaver
909,Brandon,Ryam
910,Jarad,Chaize
911,Mikaela,Sackes
912,Dorothea,Rottgers
913,Rhianna,Vincent
914,Jacquelin,Lergan
915,Marcel,Gallgher
916,Cass,Fletcher
917,Eadie,Brauns
918,Barrie,Ferrulli
919,Tarra,Burchfield
920,Portie,Ephson
921,Mela,Shugg
922,Kiersten,Gaunson
923,Giacomo,Degnen
924,Hall,Alishoner
925,Trev,Castelletto
926,Garfield,Wegener
927,Werner,Gutch
928,Griffie,Lever
929,Ayn,Bean
930,Devonne,Langthorne
931,Cassandre,Kidman
932,Christie,Gossling
933,Miles,Ast
934,Olivier,Mitkcov
935,Tanny,Tettley
936,Carver,Lunck
937,Lynde,Broadbridge
938,Risa,Andrioli
939,Wilfred,Glazyer
940,Gabby,Banbrigge
941,Derril,Han
942,Boothe,Farlow
943,Fred,Kadd
944,Husain,Wild
945,Tersina,Rogerot
946,Quentin,O'Hallagan
947,Roseanne,Grafton
948,Ainsley,Broadbridge
949,Christos,Volant
950,Elliot,Caslake
951,Carce,Grazier
952,Abra,Worsham
953,Wyn,Clues
954,Vittoria,Gummow
955,Jeana,Retter
956,Peyter,Snawdon
957,Renata,Welbrock
958,Batholomew,Gofforth
959,Elston,Scarse
960,Jillie,Wressell
961,Blane,Rape
962,Dione,Lates
963,Flor,Westmorland
964,Rafaello,Litzmann
965,Kerwinn,Wyrill
966,Levi,Gentreau
967,Lamar,Raddin
968,Dorisa,Walworche
969,Findlay,Jefferys
970,Locke,Burleigh
971,Philis,Carmen
972,Tremayne,Michell
973,Thorny,Sobieski
974,Roosevelt,Martt
975,Lisabeth,Lysaght
976,Lombard,Goodge
977,Vitia,Christiensen
978,Sheelagh,Lyven
979,Phillis,Crotch
980,Hunt,Cotterrill
981,Michelina,Rocco
982,Mariam,Postan
983,Jaquenette,Shellum
984,Coreen,Whyffen
985,Vern,Regitz
986,Serge,Kubiczek
987,Dominique,Farans
988,Ole,Joselson
989,Jose,Fouracres
990,Rube,Mummery
991,Naoma,Marfe
992,Kristan,Mix
993,Yvette,Heaker
994,Chiquita,Faircloth
995,Reggi,Fuxman
996,Danette,Wallege
997,Randie,O'Gormally
998,Odelia,Torres
999,Audrey,McHenry
1000,Rowe,Antill
